Negative,بدترین بازی ها از بهترین بازیگرا در یکی از بدترین فیلم های جشنواره!
Negative,باز هم تکرار یک سبک آشنا . دلیل شباهت فیلمنامه ها تا بدین حد ایا تقلید است یا ایده نو ؟؟؟
Positive,امشب برای بار دوم بر روی پرده سینما این فیلم رو دیدم، و چه بسا بیشتر از بار اول لذت بردم و حدس میزنم دفعه سومی هم در کار خواهد بود:)  به نظرم متفاوت ترین و بی تردید یکی از بهترین فیلمهای سینمای ایرانه.  فرصت تماشای این فیلم رو بر روی پرده از دست ندین!
Negative,کاملا سردرگم و تقریبا از لحاظ محتوا پر از ابهام و تکرار
Negative,واقعاً فیلم بدی بود. حیف وقت و هزینه. فقط همین.
Positive,این فیلم رو تو جشنواره دیدم.پیشنهاد میدم ببینید.   فیلمنامه پرکشش نوشته شده بود.سعید آقاخانی واقعا عالی بازی کرد و مهناز افشار به نسبت خودش بهتر از قبل حاضر شده بود.قصه ی قضاوت ما آدمها همیشه در حال تکرار شدنه و یه قسمتهایی از فیلم کاملا همراه میشدیم با بازیگران.موضوعش رو دوست داشتم در کل.
Positive,بازی باران کوثری نازنین رو که همیشه دوست دارم ، از رضا بهبودی عزیز  هم نمایش های عالی و سکانس های کوتاه فیلم زیاد دیده بودم . این بار هم مثل همیشه هر دو بازی های زیبایی ارائه دادند . حالت معما گونه ی فیلم نامه رو هم دوست داشتم .... در کل فیلم خوبی بود
Positive,واقعا فیلم جوان پسند و توپی بود.....در عین حال آموزنده و اخلاقی.....
Positive,اوووه!  این فیلم کولاک کرد!  همین الآن از سینما اومدم، گفتم حتما باید یه چیز بنویسم.  فوق العاده قشنگ بود و یه کمدی به تمام معنا، یعنی فاخر، نه لوده بازی!  این فیلم قشنگ رو به همه ی کسایی که دوست دارن در کنار خندیدن فکر هم بکنن توصیه میکنم!  عزت زیاد!
Negative,خیلی بد و افتضاح.بدون شخصیت پردازی واقعی و روند منطقی داستان.واقعا حیف هزینه(حتی نیم بها که من دادم) و وقتی که گذاشتیم.
Positive,فقط بازی خانوم زارعی خوب بود.   و دیگر هیچ
Positive,این فیلم رو تو جشنواره دیدم.شاید نقص داشته باشه اما قطعا ارزش حمایت کردن و دیده شدن داره.بخصوص برای ایرانی که خیلی ها دیگه براش دلسوزی نمیکنن .بخصوص برای این روزها که حس وطن پرستی رو تو وجودمون کمرنگ کردن.
Positive,یه فیلم ساده بدون عمق،در حد داستان کوتاه...خیلی رو بود قصه اما لطیف بود.  یه چیز جالب که داشت بازی خیلی خوب نازنین فراهانی و تعجب من برای ضعیف بودن بازی شهاب حسینی مقابل این بازیگر بود.
Negative,با احترام به اقای میلاد کی مرام من به شخصه از بازی کلیشه ای ایشون خسته شدم .شوهر غیرتی  عصبی .................
Negative,فیلم زردی که پیشنهاد نمیکنم حتی برای وقت گذرانی دیده بشه!
Neutral,حتما باید فیلمی ساخته بشه با وجدان بیدار انسانها!!
Negative,فیلمنامه ضعیف بود.  من خوشم نیومد ولی انصافا شهاب حسینی تو فیلم ضعیف هم عالی بازی میکنه.
Negative,ﺭﻓﺘﻢ ﺩﯾﺪﻡ ﺑﺎ ﺍﺣﺘﺮﺍﻡ ﺑﻪ ﻫﻤﻪ ﺍﻭﻧﺎﯾﯽ ﮐﻪ ﺩﻭﺳﺖ ﺩﺍﺷﺘﻦ ﻭﻟﯽ ﻣﻦ ﺩﻭﺳﺖ ﻧﺪﺍﺷﺘﻢ .
Negative,میشه گفت یک فیلم سطحی بود. «کوچۀ بی نام» این کارگردان بهتر بود.  نه یک تراژدی قوی بود، نه کمدی بود، نه پیچیدگی‌های مسایل اجتماعی و خانوادگی را نشان داد. یک داستان ساده بود که شاید برای نوجوانها خوب باشه.
Negative,با سلام و احترام  یک فیلم بد به شدت سانسور شده و بی محتوا
Positive,جزو چند فیلمی بود که حتما باید میدیدم.فیلم داستان زنی که وکالت همسر دوم شوهرش را میپزیرد.ترکیب بازیگران دوس داشتم اما موضوع فیلم کمی تکراری بود.در هنگام فیلم ترسم از پایان فیلم همانند زندگی خصوصی و مستانه بود که خدارو شکر پایان آرام وغیر قابل پیش بینی داشت.بازی ها خیلی شاهکارنداشت اما خوب و قابل انتظار بود.
Positive,خیلی دوست داشتم فیلم و  بازی شهاب حسینی عالی بود
Neutral,نادر : قرار بود ترک سیگار باشه نه ترک لیلا!
Positive,کسل کننده بود اما اذیت کننده نه
Positive,واقعا و به جرات می تونم بگم فیلم خوبیه که با کشش عجیبی تو رو با خودش می بره و هرگز رهات نمی کنه و این لذتبخشه ....
Positive,همه ی عوامل فیلم عالی بود! و واقعا تصور نمیکردم کارگردان با این سن کم اینو ساخته و جوری با مخاطب جوین شه که گذر زمان رو متوجه نشیم...و میخکوب رو صندلی سینما...
Negative,خیلی بد  خیلی بد  انتظارم چیز دیگکری بود متاسفم برای این همه انتظار برای اکران فیلم..
Negative,پرداخت ضعیف  بازی ضعیف بهرام رادان برخلاف انتظار  فیلم با رنگ و لعاب خوبی شروع میشه و این احساسو میده قرار فیلم خوبی رو ببینی اما متاسفانه تغییر سکانس های ناهماهنگ، باز کردن چند تاموضوع بدون اینکه بتونه خوب پرورششون بده ، بازی نسبتا ضعیف بازیگرا .....همه و همه در آخر شمارو مایوس از سینما میفرسته بیرون.
Neutral,سکوت چیست، چیست ای یگانه ترین یار ....سکوت چیست به جز حرفهای ناگفته؛ فروغ فرخزاد....  قاب عکس ها ....... قصه تنهایی یک مادر....و بعد از تماشای فیلم دوست داری سکوت کنی....سکوتی به بلندی یک فریاد.... یک نسل ....نسل سوخته...
Positive,"پاپ اثری شریف  و آبرومند است که داستان خود را با لطافت و صفایی از جنس جنوبی ها روایت میکند , داستانی در ستایش عشق و حسرت ها , آمال و آرزوهای بربادرفته , ماندن و رفتن , تبعیض تاریخی و مام وطن والبته کمی تلخ اما دلنشین.   دراین آشفته بازار با بازیگران سیاهش همچون زمرد درخشید ."
Positive,بهترین فیلمی که امسال دیدم ... حتی از بین فیلم های جشنواره ...
Positive,فیلمه خوش ساختی بود، ارزش دیده شدنو داشت، نسبت ب فیلمایی ک تازگیا دیدم بالاتر بود...  پایانه فیلمو دوس داشتم، خوب تموم شدو پالتم ک دیگه مثه همیشه خوب... :)
Positive,این فیلم برداشتی آزاد از رمان شب‌های روشن اثر داستایوفسکی است  فیلمی که میتونی چند بار ببینی و هر بار بیش از پیش از دیالوگهای زیبا و ماندگارش لذت ببری...
Positive,فیلمی ملموس و انسانی    دمتون گرم
Positive,با سلام و احترام  یک فیلم عالی به لحاظ دقت در ساخت و بازیهای عالی و درخشان  دیدن فیلم رو حتما توصیه میکنم
Positive,فیلمی کاملا متوسط با ایده خوب در فیلمبرداری
Positive,صـــابــر ابــر ی متفاوت !   .  عطا(صابر ابر): آقا من 4ساله دندونپزشکی نرفتم،انقدر آب نمک کردم،شدم بلال !
Positive,ناهید رو دوست داشتم  فقط خیلى طولانى بود و سکانس هاى اضافى داشت.  بازى ها خوب بود (نوید محمد زاده.پژمان بازغى.ساره بیات) فقط در بعضى مواقع لهجه از دستشون در مى رفت که طبیعیه.  به عنوان اولین فیلم بلند سینمایى نسبت به فیلم هاى کوتاهى که از آیدا پناهنده دیدم شروع خوبى ست.
Positive,متری شیش و نیم؛  فیلم قایل احترام و خوبی بود. واقعا دوست داشتنی بود. یکمی انسجام داستانیش مناسب نبود. بازی های تکراری ولی همچنان جذاب از نوید محمدزاده داشت. یه جاهایی داستانش سر هم بندی داشت. تصویربرداریش خوب بود واقعا.کارگردانیش خوب ولی ابد و یک روز بنظرم کار بهتری بود نسبت به متری شیش و نیم.
Positive,داستان پردازی و کارگردانی و بازی های خوب و از همه مهمتر بازیِ عالیِ لیلا حاتمی که بسیار باورپذیر و به دور از اغراق بود..
Neutral,خانوم دولت شاهی نبودن که؟!
Positive,تابو به تلخی خرس نبود.  اگر چه قهرمان های فیلم، سرنوشت تلخی داشتند اما شیرینی همراهی شان حتی در تلخی سرنوشت، نمی گذاشت که کام تماشاگر به طور کامل تلخ شود.   به جز بازی بهار (الناز شاکر دوست) و پدرش، بقیه بازی ها هم خوب بودند.
Negative,فیلم اعصاب خورد کن  و بازی اعصاب خورد کن نگار جواهریان  لرزش صدای مصنوعی و صورت رنگ پریده  همینو تو فیلمای طلا و مس و  حوض نقاشی دیدیم  این تکرار جذابیتشو از بین برده
Negative,بسیار کسل کننده  حیف زمان و هزینه ای که بابت دیدن این فیلم هدر رفت
Positive,فیلم عالی و استخوان سوز بود . درد داشت زخم میزد و تماشاگر را هفته ها و ماهها با خودش به تفکر مینشاند . من کجای این داستان پر از درد و خشونت ایستاده ام و نظاره می کنم . درد داشت.
Negative,آیا به چیزی که به عنوان فیلمنامه نوشتید باور دارید ؟ ! ؟    یک تصادف بعد کشمکش های انحرافی در آخر هم برنده گنج در شرط بندی    من به چیزی که شما نوشتید و ساختید هیچ باور ندارم
Negative,یکی از بدترین فیلم هایی که در زندگیم دیدم....
Positive,بازیهای این فیلم فوق العاده بود!!! فوووووووق العاااااده!!  انگار داشتی فیلم مستند می دیدی!!...  البته خیلی داستان خاصی نداشت، نمایش چند روز از زندگی یک خانواده بود!  ولی واقعا تماشای این همه بازی درخشان، لذت بخش بود!  درود به همه تیم بازیگری این فیلم!
Negative,این فیلم رو در بهمن ماه و قبل از آغاز جشنواره فیلم فجر دیدم واقعا فیلم داغونی بود ........ فیلم را همراه با کارگردان اثر و بهرام رادان دیدیم ، من که نتونستم با فیلم ارتباط برقرار کنم و وسط فیلم بلند شدم رفتم حیف رادان که در این فیلم ضعیف بازی کرد
Positive,با نگرانی آغاز شد،  با وحشت پیوند خورد،  و با تلخی به انتها نزدیک گردید،  اما ملاتی از جنس عشق و تردید، نگرانی و وحشت و تلخی را در تمام لحظات به هم پیوند می داد.   و با موسیقی توام با سکوت تیتراژ پایانی، انتهای فیلم با ادامه لحظات جاریه ما پیوند خورد.   عالی بود،  سالن خالی سینما مرکزی  17دیماه93
Positive,یه  فیلمه  گرم  صمیمی  دوست  داشتنی     شرح تاریخ هفتاد  سال  اخیر   این  سرزمین  که  چه  بر آن گذشته   گذشته   ایده  فیلم بسیار  خلاقانه   نواندیشانه
Negative,تقلید بی‌هویتی از ابد و یک روز و فیلم‌های فرهادی با دوز بالایی از نافهمی. فیلمساز به احمقانه‌ترین وجه بهترین بازیگر فیلم، آن پسربچه شیرین دو ساله، را در یک بچه‌کشی به فنا داد و کاری ‌کرد که فیلم به لعنت آدم هم نیارزد.
Positive,به نظر من نهنگ عنبر۲ مفرح تر و شاد تر و موفق تر از نهنگ عنبر قبلی ست و مردم جامعه ی بی نشاط و بی روح ما به دیدن فیلم های جذاب و کمدی مثل این نیاز دارند.....
Positive,با سلام و احترام   فیلم خوبی بود  شاید چون خودم در بحران چهل سالگی هستم درک بهتری از کار دارم و همسو تر با این اثر فیلم رو دیدم دیدنش رو حتما توصیه میکنم
Negative,انسجام خط داستان فیلم جالب نبود و فیلمنامه دارای نقاط غیرمنطقی زیادی بود. کاراکترای فیلم هم منو یاد جماعت همیشه خمار کافه رو و لوسی انداخت که انقدر مصرفشون بالاس و سبک زندگیشون بیهوده و فیس و افاده ایه که دیگه مغزی توی سرشون نمونده! در کل 2 از 5 میدم فقط به خاطر بازی های نچندان بد.
Positive,بدون اغراق میتونم بگم یک فیلم در کلاس جهانی .من که خیلی کیف کردم از دیدن این فیلم و متاسفم که مورد توجه مخاطبین قرار نگرفته، پیشنهاد می کنم حتماً فیلم ببینید.
Positive,به نظرمم یک فیلم خوش ساخت با طنزی شریف و در عین حال تلخ تلخ تلخ، و متاثر کننده ....
Negative,در همه جنبه ها  صد قدم عقب تر از درباره الی!   و دیگر هیچ
Positive,بازی های قوی و جالب...مرد که کلکسیونی از چیزای بد بود..اعتیاد..دست بزن...بیکار..و یه خانواده ی کاملا متفاوت با خانواده زنش
Positive,کاش فیلم رزم بزم رو هم می‌دیدم... اگه اینجا کسی نظرات فیلم‌ها رو می‌خونه، پیشنهاد میکنم این مستند رو ببینه
Negative,نمیدونم جرااین سینما به این وضع افتاده وانقدرتوقعها از این سینماکم شده بازیهای تکراری تقلید از.شون بن درفیلم من سام هستم روحت شادحاتمی بزرک
Positive,فیلم کلا مورد علاقه مخاطب عام ساخته شده و طنز خوبی داره. بازی ها خیلی معمولی هستند. بیشتر فیلم سرگرم کننده ای هست با موضوعات هیجان انگیز اکتی!    فیلمنامه : متوسط  بازی ها: متوسط  موسیقی: خوب  کارگردانی: خوب  فیلمبرداری: خوب   کلا اگه خواستین فیلم سرگرم کننده خوبی ببینین توصیه میشود.
Negative,فیلمی بسیار ضعیف  دیالوگ های فوق العاده ناپخته و سطحی، بازی های خیلی بد، فیلم نامه و کارگردانی آبکی و سوتی های فراوان در فیلم.  اگر فیلمهای خالتور رو کنار بگذاریم، یکی از بدترین فیلمهایی که میتوان در سینما سال 97 دید
Negative,چرا هنوز فیلم های بی خاصیتی از این جنس باید ساخته شوند.  حرمت سینما و ارزش پول خرج شده را نمی دانند؟
Neutral,این آهنگ رضا بهرام https://bamiseda.ir/?p=10012  همونیه که تو دل خونده میشه؟؟؟؟؟
Negative,من جزو دوست داشته هتم ولی خانم حاتمی واقعن بی حوصله بازی کردن ... تمام حس و حال فیلم رو گرفتند و انگار از سر بی میلی وارد این کار شدن ............  سوای این پایان فیلم هم کمی سرهم بندی بود ...
Positive,بازی ها بسیار عالی بود مخصوصا بازی زیبای مادر
Positive,فیلم متری شش و نیم سعید روستایی یه سر و گردن بالاتر از سینمای روز ایران هست،چه کارگردانی و بازی،چه نحوه ی پردازش به موضوع،چه سعی در اینکه یکی قهرمان نشه یکی بد ماجرا،چه نوع فیلمبرداری و بازی گرفتن از سیاه لشکر.ارزش دیدن و حمایت کردن داره،ببینید.
Positive,یکی از ارزشمندترین فیلم های سالیان اخیر با بازی دلچسب تمامی بازیگران. ایده اصلی فیلم بسیار جالب بود و سکانس ها و دیالوگهای ماندگاری داشت. از اون فیلمهایی که یادت نمیره هیچوقت.
Positive,جز پایان بندی بقیه را دوست داشتم
Positive,فیلم را خیلی دوست داشتم و لذت بردم.بازیها، فیلمبرداری و موسیقی همگی قابل قبول بودند. داستان پرکشش و جذاب و طنز دلنشین آن هم که دیگر جایی برای ایراد نگذاشته بود.آفرین به مصطفی کیایی و همه عوامل فیلم.
Positive,جان‌دار رو واقعا دوست داشتم، همه عالی بودند... حامد بهداد که توی چندکار اخیرش نشون داده این تغییر رویه‌ی زندگی‌اش واقعا روی خروجی بازیگری‌اش هم اثر گذاشته و من واقعا لذت بردم.  فیلم خوبی بود، پایان‌بندی خوبی داشت... به زندگی واقعی نزدیک بود، خیلی‌ها نمی‌بخشن. تعداد اونهایی که نمی‌بخشن به نسبت اونهایی که می‌بخشن خیلی بیشتره.
Positive,بازی امیر آقایی، ریما رامین فر و یکتا ناصر عالی بود. خانم رامین فر شانس زیادی برای کسب سیمرغ دارند. بازی شبنم گودرزی به عنوان اولین کار خیلی خوب بود.  موضوع فیلم نیز بسیاز آموزنده بود. کارگردانی خانم آذربایجانی نیز قابل تقدیر بود.
Positive,حدود امتیاز: ۵ الی ۷  جیرانی همیشه فیلم ژانر رو دوست داره، با اینکه یه جاهایی بیرون می‌زنه و ریتم بسیار بسیار کندی داره ولی من خوشم اومد و هر کی بدش بیاد قطعا کلی دلیل منطقی داره که منم قبول دارم.
Negative,فاصله بسیار از کارهای پیشین آقای علیمردانی.   امیدوارم مسیر پیشین و امیدوارکننده را پی بگیرند.
Positive,فیلمی بسیار عالی با بازیهای عالی...
Positive,فکر میکنم تو کارگردانی و همینطور تو بازی ها این فیلم تو بهترین حالت میشه گفت فقط قابل قبوله، ولی قطعا اگر این فیلمو نبینید یک فرصتو از دست دادید چون صد در صد تو سینمای ما کمتر این فرصت پیش میاد که فیلمی رو ببینید که تو داستان پردازی به این اندازه خوب باشه.
Negative,درود. نظرات دوستان را خواندم و به برداشت خودم شک کردم. من اصلا ارتباط برقرار نکردم. قطعا شخصیت ها درست پرداخته شده بودند و قصه هم شاید فشرده شده اتفاقات سخت یک زندگی بود اما اینها یک فیلم جذاب نمی سازند. این روزها حتی در سریال های تلویزیونی هم هیجان بیشتری را شاهد هستیم.
Positive,من دوس داشتم این فیلمو  اصولا اگه فیلم کاری کنه خودم رو تو موقعیتا قرار بدم برام جذاب میشه اون فیلم  چالش خوبی مطرح شده بود   با پایان بازش هم اصلا مشکلی نداشتم بر خلاف خیلی نظرات
Positive,اینم یادم رفت بگم اضافه کنم  نکته ای از فیلم که خیلی خوشم اومد این بود که معضلات جامعه رو عربده نمیزد  فقط نشون میداد و ازشون عبور میکرد
Positive,تیکه های خنده دار و بعضاً تیکه های منشوری تو لفافه لحظات خنده داری تو این فیلم ایجاد کرده بودن.  بازیگران اصلی (آقایان جعفری و عزتی) هم چیز جدیدی برای ارائه نداشتن و البته به خوبی همیشه شون بودن.  در نهایت فیلمی نبود که اخرش حسرت اینو بخورین که وقتتون تلف شده و یه بار دیدنش می ارزه.
Positive,قاب های خوب، ریتم کند، قصه ای که پتانسیل طنز بیشتری داشت...
Positive,فیلم، فیلم من نبود. یعنی من را همراه خود نمی‌کرد. درگیر نمی‌شدم. پنجره تازه‌ای به واقعیت یا خیال برایم باز نمی‌کرد. اما به لحاظ تکنیک و فرم و دغدغه، فیلم محترمی بود.
Negative,فیلمی که توش * حسام نواب صفوی * بازی کرده باشه معلومه چیه دیگه، احتیاج به توضیح بیشتری نیست...
Negative,"لاکچری بودن بیشتر از هر چیز دیگه ای به چشم می خورد و باید بگم ایده اصلی این فیلم با بازی های مصنوعی این بازیگران مطرح و یک کارگردانی سطحی و ابتدایی , تبدیل به یک فیلم دم دستی و کاملا سطحی شد ..."
Negative,اخه این فیلم بغیر شوخی های شدید جنسی مگه چیز دیگری داشت؟ آقای کارگردان کیایی بجای برادرتون و بازیگر ترک کمی تئاتر بروید و استعدادیابی کنید.
Negative,میر کریمی عزیز به اندازه کافی جسور نیست و برای همین ؛ فیلم پایان خوبی ندارد و گرفتار کلیشه می شود. : (
Positive,فیلم بیوگرافی اینقدر کم داریم تو سینمامون که از دیدن این یکی علی رغم تناقضات و ضعف ها ، هیجان زده شدم
Negative,مزخرف و مبتذل....به هیچ عنوان ارزش وقتی که میگذارید را ندارد...  شاید تنها وجه مثبت فیلم نگاه های خوب پرویز پرستویی باشد که جز این انتظاری هم ازین بزرگوار نمی رود....
Positive,من این فیلم رو دوست داشتم. خانم رامین فر دلنشین باز کردند و سکانس های ایشون و امیر آقایی خوب از کار درآمده بود. تدوین از نقاط قوت فیلم بود. در بعضی قسمت ها فیلمنامه دچار افت میشد اما در کل فیلم قابل احترامی بود.
Neutral,نگارجواهریان همیشه فوق العاده ست عاشق بازی این هنرمندگرانقدرم
Positive,فیلم از فضای نقد اجتماعی و سیاسی تهی است...یه قصه غیر قابل باور که هیجان خاصی نداشت...ریتم فیلم قابل قبول بود...الناز شاکردوست هم خیلی فراتر از انتظار بود...نمره 5 از 10
Positive,یک بازی عالی از رضا کیانیان که یک فیلم و عواملش را به آن چسبانده بودند.
Negative,انگار نسخه ی ایرانی یه فیلم تین ایجری امریکایی بود، با بازیگرای بالای سی سال!
Positive,چه فیلم خوب و بی نظیری بود  چه بازی های خوبی  واقعا عالی بود، لحظه لحظه گیرا و پر تنش   یکی از بهترین فیلم هایی که دیدم  دمشون گرم
Positive,کاملن قابل قبول ... و اینکه باعث میشه آدم به فکر فرو بره. تاثیر خودشُ داره فیلم به اندازه کافی آدمُ تغذیه می کنه و جامعه رو.
Negative,عقب تر از فیلمفارسی.اقلا آهنگهای فیلمفارسی قشنگتر بود.بیشتر به ساعتم نگاه می کردم تا به پرده سینما.اقای کیایی به اعتبار  و اعتمادفیلمهای خوش ساخت قبلی به سینما رفتم و ناامید برگشتم
Positive,هر چی در نیم ساعت اول فیلم لذت بردم و لبخند رضایت زدم از نیمه دوم به بعد فقط عداب کشیدم و بغض کردم.فیلم سیاهی بود که فقط بازی درخشان خانم حاتمی رو به رخ بیننده میکشید و همین برای رگ خواب کافی بود.
Positive,بازی باران کوثری عالی بود .... بعد از مدت ها فیلمی دوست داشتنی و زیبا دیدم
Neutral,آهای غمی که  مثل یه بختک  رو سینه ی من  شده ای آوار   از گلوی من  دستاتو بردار.  دستاتو بردار.  دستاتو بردار...   بعد از گذشت چند روز از دیدنش هنوز اندازه این قسمت از شعر تلخی و سنگینی رو روی سینم حس میکنم :(((
Negative,خیلی دوست داشتم که میتونستم این فیلم رو دوست داشته باشم ولی نشد که بشه. فقط یک اتفاق، یک دیالوگ و یا یک لحظه کوتاه اما جذاب کافی بود ولی متاسفانه هیچ کدوم اتفاق نیفتاد. اگرچه خلاقیت فیلم رو از نظر فرم تحسین میکنم و خوشحالم که فیلمسازانی هستند که جسارت خلاف جهت آب شنا کردن رو دارند.
Positive,قبلا فیلم چند متر مکعب عشق رو تو جشنواره دیده بودم امسال هم از دیدن فیلم جدید برادران محمودی لذت بردم. دست خوش
Negative,تیتراژ فوق العاده ولی فیلم راضیم نکرد.
Positive,امتیاز:6  سدمعبر در ظاهر فیلم روپایی است، ریتم و بازی و ماجراهای متنوع دارد، اما منطق داستانی‌اش می‌لنگد  شتاب داشتن و حادثه پشت حادثه رخ دادن همیشه بهتر نیست، گاهی آهسته و پیوسته رفتن در نهایت به همان نتیجه منجر می‌شود. شعار هم چیز خوبی نیست، اصلا و ابدا.
Negative,پر از صحنه های بی ربط ، اضافه .
Positive,مثل همیشه کار سیدی بسیار تعریفی و دقیق بود
Positive,بازی سجاد تابش نسبت به خیلی بازیگران مطرح فیلم، بهتر و باورپذیر تر بود.
Positive,فیلم از لحاظ مضمون و فیلمنامه خوبه  بزرگترین ایرادش اینه چن تا سکانس لوس و بد داره   یه جورایی کاش اونارو نداشت
Positive,فیلم خیلى خوبى بود،دوست داشتم
Negative,بدترین فیلم 5 سال اخیر!!  در توصیفش فقط این و بگم که برادر 16 سالم هر یک ربع یکبار برمیگشت نگام میکرد و میگفت حیف پولی که بابت این فیلم دادیم.  متاسفم برای وقت و پول و انرژی که بابت دیدن این فیلم خرج کردم!!
Negative,خداروشکر که  هنوز از مریخ نیومدم   رفتم با دوستم دیدیم گیجی و سنگینی ارمغان بعدش بود دعوای فلسف  سینمای ایران باید جون بکنه تا برس به هالیود   این فیلما باید بیان اعصابه ما رو خرد کنن تا ما بشیم جاده ی راه آیندگان...  شاید که رستگار شویم
Positive,به نظر من فیلم قشنگی بود. از دیدنش اصلا پشیمون نیستم. بازی صابر ابر هم محشر بود.
Negative,سخیف ترین و بی محتواترین فیلمی که در عمرم دیدم. کوچکترین صحنه خنده داری هم نداشت که بگی اقلا رفتم بخندم. مناسب در حد مهد کودک!
Negative,کافیه دیگه این فیلم ها!‏
Negative,ازین فیلمای پاپ کورنی بود که با بچه و خانواده باید رفت اونم فقط جنبه ی فان وگرنه فیلم ضعیفی بود و طنز به کار رفته در اون هم به هیچ وجه جالب نبود
Negative,نگاه نگران خانم ساره بیات کلیشه ای شده ...
Positive,یک فیلم اجتماعی تمام عیارو عالی.بازی ها تحسین شده به خصوص برزو ارجمند و وحید جلیلوند و سحر احمدپور.فیلمبرداری خیلی خوب بود.بسیار خوب جامعه ترسناک و درگیر فقر و پر از تشنج را خیلی خوب نشان داده شد.ای کاش با یک اکران خوب هم فروش خوب داشت و هم یک فیلم برای جشنواره های خارجی
Negative,نشون دادن اون همه صحنه درگیری و دعوا با جزییات کامل واقعا لازم نبود... :| حتی اگر کارگردان میخواست که اعصاب بیننده خرد بشه میتونست از راه های دیگه ای استفاده کنه!! همیشه نمایش کامل تمام جزییات خوب نیست
Positive,همون طور که پیش بینی کرده بودم سریال رفته رفته بهتر شد. از قسمت چهار به بعد واقعا جالب شده و متن خوب و قوی ای داره. بازیگران هم همه عالین مخصوصا هادی کاظمی. قسمت پنجم عالی بود به خصوص سکانس نامه عربی نوشتن.
Negative,کند بی هدف خسته کننده و متوسط
Negative,داستان، عنصر مهمی برا من تو فیلمه!  من که میگم، منظورم یه تماشاگر عادی و کمی تا قسمتی فیلم باز!!! نه منتقد حرفه ای هستم نه روشنفکر سینمایی!!!  این فیلم مهم ترین ایرادش نداشتن داستان بود که کاملا فیلم رو زیر سوال برد و در واقع بی سر و ته اش کرد!
Negative,حیف وقت بابت کارهایی که داستان های سفارشی دارند
Positive,"در کل فیلم خوبی بود با وجود اینکه به نظرم ضعف شخصیت پردازی و پایان شعاری داشت , نفس و ویلاِیی هارو میشه دو فیلم متفاوت و نوآورانه در ژانر جبهه و جنگ تلقی کرد."
Positive,عالی بود ... بی نقص و فوق العاده لطیف ...   بازی شهاب حسینی قابل تقدیره   با دیدن این فیلم روحم تازه شد و به کارگردانی دقیق آقای میری ایمانم بیشتر از قبل شد.
Positive,فیلمی با محتوای انسانی و تبلیغ برای کار نیکوکارانه..تدوین خوب،بازی های متوسط و پرداخت ضعیف و ضعف فیلمنامه در بعضی قسمت ها.به نظر من بطور کلی فیلم از نظر هنری متوسط رو به ضعیف بود اما از نظر پیام، تاثیرگذار و قابل تامل بود.
Negative,اگر تو کشور ما طنز های همچون لیلی با من است ، مارمولک و غیره غیره ساخته نمیشد باز می گفتم پتانسیل طنز ما تو ایران همینه   به نظر من طنز های که  تو این دو ساله در سینمایی ایران ساخته شده به شدت بی کیفیت و آبکی هستش
Negative,"تو در تو , گیج کننده , بدون هدف, سرگردان و خسته کننده کلماتی هستند که میتونم در مورد فیلم بگم!"
Negative,رئالیسمی که قط تک تک شخصیت ها روش کار شده بود و بقیه عوامل فیلم ضعیف رها شده..تشکیل یه مجموعه نبود و فیلمنامه خیلی کلیشه ای ...
Negative,امتیاز: ۳ الی ۴  بیشتر فیلم تلویزیونی بود، حاصل سالوادور ساختن و فیلمهای اجتماعی ساختن همینه، فیلم در ۵ دقیقه آخر جنایی هم می‌شود.  به حق چیزهای ندیده!
Neutral,جرم عماد کم‌تر از جرم اون پیرمرد نبود وقتی که با نگاه کردن به عکس‌های خصوصی، به حریم شخصی دانش‌آموزش تجاوز کرد و دلیل این تجاوز هم فقط یک چیز بود: وسوسه
Positive,به نظر من سر به مهر با اینکه فیلم بسیار ارامی است (یعنی می شود گفت در قسمت هایی واقعا کند است ) اما این با ریتم کلی داستان منطبق می باشد... .  و جدا از بازی خوب خانم حاتمی اتفاق خوب دیگر فیلم انتخاب فصل زمستان است...سفیدی برف یک مراعات نظیر خوب را با داستان ایجاد میکند... .
Positive,برخلاف شماره یک فیلم که خیلی مصنوعی ، نچسب و مسخره بود این یکی به عنوان یک فیلم کمدی و تفریحی داستانش رو خیلی خوب تعریف میکرد و همزمان می خندوندت!!! برای در کردن خستگی آخر شب خوب بود
Positive,این فیلم رو باید دید . من نقد ها رو دیدم و توصیه میکنم ذره بین برندارید برید سینما به قصد دیدن فیلم  برید  فیلم در یک لوکیشن بسته شما رو دنبال خودش میکشه و به هیجان می اورد و بعد هم به فکر وا میدارد
Negative,از هر طرف که به این سریال نگاه میکنی بد و بازدارنده س !! طراحی صحنه ، دکور ، گریم تقلبی بازیگرا ، بازی بد اکثر بازیگرا. از اقای جیرانی  این حجم از ضعف رو انتظار نداشتیم
Positive,منهای اینکه یکسری چیزارو خیلی مستقیم مطرح میکنه که یه کم آزاردهنده میشه ولی در مجموع و در انتهای فیلم مفهوم خوبیو میرسونه. بازی جواد عزتی هم مثل همیشه خوبه و به نظرم جزو نقاط مثبته کاره اما متاسفانه نیوشا ضیغمی انتخاب خوبی نبود برای این نقش.
Negative,در یک کلام افتضاح. فوق العاده ضعیف و ناامید کننده
Positive,به نظر من لانتوری خیلی فیلم خوبی بود   بیشتر معضلات اجتماعی رو در قالب یه فیلم بیان کرده بود   در مورد صحنه های آخر فیلم و اسیدپاشی درسته خیلیها دوست نداشتند و میخواستن وسط فیلم بلند بشن و برن اما واقعا الان خیلی ها این تصویر زندگیشونه   زندگی خودشون و اطرافیانشون  وما تحمل نیم ساعت از این تصویر رو ندارم
Positive,سبک فیلم مانند سایر فیلم های اصغر فرهادی بود. بازی بازیگران هم خیلی خوب بود. اما به شخصه سایر کارهای آقای فرهادی رو بیشتر دوست داشتم.
Negative,یه فیلم سرگرم کننده با فیلم نامه ای سطحی و پر از صحنه های بی ربط... و البته تو گیشه هم می فروشه.  .  .  دیالوگ:  ما میگیم کارتون خوابیم... تو میگی کد پستی و محل اقامت!!!!!
Negative,از کسانی که فیلم رو دوست داشتند تقاضا دارم بیان و دلایل خودشون رو اعلام کنن!  فیلم به غایت دوست نداشتنی بود!!!!!!!!!
Positive,فیلم خوبیه اما باید بیشتر به اتفاقات و روابط موجود در فیلم پرداخته می شد...
Negative,متوسط رو به ضعیف. دوست نداشتمش.
Negative,من این فیلم رو دیشب دیدم، واقعا اگه کسی حالش زیادی خوبه و می خاد یخورده از خوب بودن حالش کم بشه، بهش توصیه می کنم این فیلم رو ببینه! :) فضای کار و فیلم بسیار غم انگیز و حزن آور بود، واقعا نفهمیدم دیشب از این فیلم چی گیرم اومد!!
Negative,نزدیک‌تر رو دیدم  اوایل فیلم خیلی زیاد روی رازی که هست  مکث وجود داشت  و برای تماشاچی دافعه داشت  بازیا معمولی بود  داستان هم همین‌طور  و خیلی فضا و حتی بعضی اتفاقای فیلم  خصوصن اواخرش  شبیه این‌جا بدون من بود  موسیقی هم بعضی جاها خیلی خودنمایی می‌کرد  و به‌تر بود حجمش کم‌تر بشه.   manimoon..
Positive,نیم ساعت اول خوب مابقی بد و مقوا
Negative,یک فیلم خسته کننده و یکنواخت و بدون هیچ حرف خاصی برای بیننده
Positive,فیلمی که ارزش دیدن داره  و قطعا سبک مصطفی کیاییه ،یک فیلم سرگرم کننده ، مهیج که در عین حال حرفی برای گفتن داره. گرچه گاهی آدم احساس میکنه تکرار بازیگران فیلم بارکد میتونه تهدیدی برای این فیلمک باشه !
Negative,کاشکی بابای من هم پولدار و معروف بود منم فیلم میساختم
Negative,سلام به همه  خدا رحمتت کنه صادق هدایت که نبودی و نیستی که پرپر کردن برگرفته از داستانت را ببینی واقعا بهتره به جای اشاره کردن به برگرفته از آثار ادیبان نام آشنا بزنند نگاهی عجیب به این داستانها...
Positive,لانتوری فیلمی است که ارزش یکبار دیدن را دارد ، هر چند که در پایان همه انتظارات را برآورده نمی کند.
Positive,فیلم خوبی بود .بازی خانم نعمتی و امیر علی دانایی هم خوب بود.در مجموع ارزش دیدن داره
Positive,بازیهایی بسیار خوب از همه بازیگران(حتی محمد صادق ملک عزیز با اون نقش کوتاه)، فیلمنامه خوب، کارگردانی بسیار خوب...فقط نامه انتهای فیلم رو دوست نداشتم که اونم خیلی شخصی و سلیقه ای هست البته...نمی دونم چرا احساس می کنم صدای جمال و موضوع نامه بعدا اضافه شده به فیلم!
Positive,درود ... مستندی دوست داشتنی و قابل تامل. بازی ها بطرز عجیبی خوب و باور پذیر بودند.   نیمه اول فیلم ریتم کندی داشت و نیمه دوم علیرغم ریتم بهتر، بلحاظ تکرار یک رویه در سه لوکیشن کم تنوع می نمود. شاید بکمک فلاش بک میشد این دو نیمه را تا حدی با هم ادغام کرد.
Negative,هر چی سعی کردم تا آخر بشینم و تحمل کنم نتونستم. پس به دوستام پیشنهاد دادم پاشیم بریم که موافقت شد و خلاص شدیم. خعلی فیلم مزخرفی بود.
Negative,مردن به وقت شهریور به نظر من جز فیلم هایی هست که باید تو دانشگاه تدریس بشه! در زیر مجموعه چگونه فیلم بد بسازیم     در هیچ زمینه ای حرفی برای گفتن نداشت.... فقط بازی خواهر کوچکتر خانواده این امید رو میده که ایشون آینده درخشانی خواهند داشت.
Positive,«نجیب» تنها صفتی است که به ساخته جلیلوند می چسبد.  فیلمی بی حاشیه که حتی در بردن نام خیابان لوکیشنش هم با مخاطب راستگوست.
Positive,فیلمی پر کشش و دوست داشتنی   اما تلخ و آموزنده...   بازی آقای معادی اصلا در اندازه فیلم نبود و خانم جاوهریان هم گاهی به انچه باید می بود، نمی رسید.   بهترین بازیگر این فیلم، همان کودک جانسپرده بود که کاملا همراه بودو به خوبی خوابید...
Positive,تا دیروز هرجا بحثش میشد میگفتم خانه ی پدری بهترین فیلم سال 92 هستش. امروز که کلاس هنرپیشگی رو دیدم با خودم گفتم که عجب رقیب قدری!   خیلی دوستون دارم داوود نژادها، خیلی!
Positive,ما که با وضعیت هوا و بارون سیزده به در ترجیح دادیم بریم این فیلم رو ببینیم  بد نبود  میخواستیم یکی دو ساعتی شاد باشیم و بخندیم که خدا رو شکر همینجورم شد  البته انتظار میرفت طنزش بیشتر باشه   یه خسته نباشید به کلیه عوامل و دست اندرکاران
Negative,اگه می خواین بفهمین چی شده باید بازی کنید خودتون  ولی والا خود کسانی که تو بازی بودن هم نفهمیدن چی شد حالا ما چند نفر اضافه تر مشکلی رو حل نمی کنه
Positive,تلخ و گزنده و تکان دهنده.خوبه که فیلم آدمو به فکر وادرا کنه.فکر به زندگی و چیزهایی که شاید سعی می کنیم فراموششان کنیم
Positive,سورنجان را میشود دوست داشت  شگفت انگیزست که این فیلم در فهرست سینماهای معمولی نیست   سورنجان باورنکردنیست اما باورکنیدش  سورنجان سخن میگوید با ما  من دوستش داشتم  حای اینگونه فیلمعا را در سینمای ایران تهی و خالی می بینم
Positive,انتخاب بازیگر ها شاید اشتباه بود و فیلمنامه ضعف های بسیار اما کار رو در مجموع دوست داشتم
Positive,چه فیلم عزیزی ساخته ای آقای عبدی پور . چه حیف که اینجور غریبانه و با این همه تاخیر اکران میشه این فیلم . چه حیف که فراگیر دیده نمیشه این اثر قابل توجه.  و چه حیف که ً قانون میگه عشق آدم فامیل درجه یک آدم نیست ً
Negative,با سلام واحترام    فیلم متوسط و حداقلی
Positive,فیلم خوبی بود و میشد بهترم باشه اگه اقای پاکدل با بازی بیرنگشون حضور نداشتند
Positive,قیلمی که ارزش دیدن داره مرسی مصطفا کیایی بابت زحمتهایی که برای ساخت کشیدین .
Negative,مختصر آنکه تنها نقطه مثبت این فیلم فقط کارگردانی جدید هومن سیدی بود....بازیها خسته کننده...نوید محمدزاده بسیار نا امید کننده و همه چیز فوق العاده ضعیف !   از کارگردانان جوانمان انتظار بیشتری داریم با آنهمه اثز درخشانی که ازیشان دیده ایم...   موفق باشید.
Positive,خیلی دوسش داشتم ،گرچه موضوع خیلی جالبی نداشت...فقط  فخیم زاده و گوهر خیراندیش محشر بودن !
Neutral,مثل همیشه پوران درخشنده و مقاله‌های اجتماعی که در قالب فیلم می‌نویسد، محترم هست ولی سینما؟
Negative,ریتم کند  کسالت آور خسته کننده قصه ای گنگ و کلیشه ای  من موندم که از بین فیلم اولی ها فیلم بهتر نبود بیاد تو بخش مسابقه
Positive,روزنامه نگاری که خانه نشین شد  روزنامه نگاری که مهاجرت کرد  روزنامه نگاری که کافه دار شد  روزنامه نگاری که کشاورز شد  .  .  .  .  و اسبی که دیگر متعلق به صاحبش نشد...  .  .  .  .  .  بانو مینا اکبری درود و سپاس وافر از این ایده و همت عالی
Negative,"فیلم جذابیت خاصی نداشت و فقط بازی های خوب , به ویژه بازی دوست داشتنی امیر جان جدیدی , تنها نقطه قوت فیلم بود."
Negative,من با سکانس پایان فیلم مشکل دارم  آخرین سکانس چی داشت می گفت  دختره تو هواپیما بود یا نه؟(خیانت کرده بود یا نه؟)  به نظرم این پایان باز نیست ، فیلم بدون پایانه
Positive,امیدوارم این فیلم آغازی باشه بر دوران تازه ی سینمای از دست رفته ی سالهای اخیر در ایران ... آقای علی نصیریان هنوز هم میتونن ستاره ی یک صحنه باشن ..
Negative,یه فیلم حادثه ای معمولی با نقش ها و اتفاقات تکراری  با ارفاق دو ستاره  خیلی دوس دارم بدونم اون 3 نفری که 5 ستاره دادن چی تو ذهنشون بوده :))))
Positive,با توقع پایین نشستم پای فیلم آن قدر که بد شنیده بودم اما به نظرم فیلم بدی نبود. شاید وسط‌هایش قدری روی مخ می‌رفت اما تقریبا با بازی ذهنی فیلم همراهی کردم. به نظرم ایده اصلی قصه جالب بود اما کم بود. یعنی باید شاخ و برگ‌هایی اضافه می‌شد یا زمان کوتاهتر می‌شد یا ایده اصلی عمیق‌تر کاویده می‌شد.
Negative,خیلی بد... هیچ چیز برای گفتن نداشت...
Negative,سلام به همه   به نظر میاد هدف اصلی فیلم مطرح کردن دارا حیایی هستش با نیم نگاهی به یاد کردن سیستان همین و بس ...
Positive,بازیِ عالیِ باران کوثری و بازیِ تکراری و غیر قابل قبول مهتاب کرامتی...   در کل فیلم خوبی بود.
Positive,نترسید ما همه با هم هستیم ... فیلم متفاوتی بود ... هم ساخت هم محتوا .   امتیاز من : ۶ از ۱۰ .
Positive,فیلم را دوست داشتم. البته به همه آنهایی که دوست اش ندارند هم حق می دهم.همین
Positive,فیلم با داستان ساده اما گیرا و درگیرکننده  بازی خوب و تلخ حامد بهداد  فیلم یادآور فیلمی روسی برایم بود. فیلم بسیار زیبای بازگشت (the return) اثر Andrey Zvyagintsev   تم داستان شبیه یکدیگر است پدری که مدتها از دو فرزندش دور بوده و حالا درگیر ارتباط و احساس با فرزندانش می شود...
Positive,حتمن بیش از یکبار ببینید این کار ارزشمند رو و لذت ببرید؛ درس ها و نکات نابی برای کارگردانان و بازیگران توی این مستند خوش ساخت منتظر شما هستن.
Positive,واقعا فیلم یی نظیری بود بازی های پر انرژی بهرام رادان و محسن کیایی عالی بود موسیقی و فیلم برداری هم فوق العاده خلاصه خیلی فیلم باحالی بود......نمره از ۱۰ : ۹.....
Positive,تا اینجا اثری متفاوت بوده و اگر دچار سانسور نمیشد مطمئناً بهتر از این بود.من که به شخصه این سریال دوست دارم.به خصوص بازی جناب آذرنگ.
Negative,امتیاز:۶.۵  یک ایده مرکزی خوب که هرز می‌رود. نقش اول فیلم مشخص نیست، فضای فیلم نیز. نه قهرمانانه است، نه امیدوارانه و نه تراژدیک.  از نقش مثبت خانم ایزدیار هم داریم خسته می‌شویم. این سومین فیلم ایشان بود با همین تم.
Negative,احتمالا اگر یک فیلمساز با تجربه پشت این گروه حرفه ای بازیگران بود ، میتونستیم شاهد انتهای بهتری برای فیلم باشیم . و از خودمون نپرسیم خب که چی؟!!
Negative,این فیلم طنز بود یا مسخره بازی یا که چی؟؟؟  ارزش وقت گذاشتن نداشت...
Neutral,در جامعه ای که قوانین رو مردها مینویسند، زن بودن کار سختیست...
Positive,من اصولا اهل این سبک فیلم ها نیستم  به اتفاق خانواده که به تماشای فیلم رفتم حقیقتا اولش به زئر بئد ولی بعد از دیدن فیلم کلا نظرم عوض شد و حتی قسمت هایی از فیلم به مرز گریه کردن رسیدم خیلی زیبا و دارای موضوع خوبی بود و حتما پیشنهاد میکنم به تماشای ان بروید
Negative,نمیدونم چی بگم، همه ساختارهای ذهنی من رو درباره کلیشه و بد بودن یه فیلم جابه‌جا کرد!!! واقعن بعد از فیلم آشفتگی فکر نمیکردم امکان داشته باشه فیلم بدتر از اونم ببینم تو این جشنواره... نمره من ۱ از ۵
Positive,فیلم بسیار خوبی بود.داستان زیبایی داشت .شخصیت عبدالسلام   را دوست داشتم.
Negative,اگه میخواید فیلمی پر از شخصیتها و دیالوگها و صحنه های اضافی ببینید حتما چیپس و پفک بخرید و به دیدن پنج ستاره برید. جاهایی از فیلم رسما به رپورتاژی برای هتل تبدیل میشه.  فیلم از داشتن داستانی که نقطه عطف و گره داشته باشه و بتونه تماشاگر را روی صندلی نگه داره عاجز بود.
Positive,درود. فیلم خوش ساخت و جذابی ست. خصوصا برای هم نسل های من که دوم خرداد را دیده اند. اما بعنوان یک مستند حجم اطلاعات کم بود و مصاحبه ها می توانست خلاقانه تر باشد.
Positive,زیاد توضیحی راجع به فیلم نمیدم  فقط به این جمله بسنده میکنم که خوب بود ولی عالی نبود
Positive,توصیه می کنم حتما این فیلم رو ببینید من واقعا از لحظه لحظه ی فیلم لذت بردم، خیلی حرف برای گفتن داره مخصوصا اگر با کسی در رابطه هستید. شاید کمک کنه خیلی زود جلوی بی رنگ شدن احساس در رابطتون رو بگیرید و بتونید برف های روی کاجو آب کنید.
Negative,فیلم خسته کننده ای بود، مشکل اصلی از داستان نداشته فیلم نشات میگیره و پراکندگی موضوعی و سردرگمی تو روایت، به فیلم ضربه میزنه
Negative,بدترین فیلم عمرم !!!! البته اولین بار بود که بدون سرچ و فقط به دعوت یکی از دوستان سینما رفتم...
Negative,یه فیلمفارسی که از جمهوری اسلامی مجوز گرفته  چند دقیقه میخندید فقط  همین
Positive,از بهرام توکلی انتظار می رفت این فیلم . ولی نمی دونم چطور راصی شده بود انقدر فیلمش کند ریتم و خسته کننده باشه... مث یه برکه آروم !
Positive,فیلم زیبایی بود و من دوست داشتم.... و بازی خوب ساره بیات مثل همیشه.....نمره از ۱۰ : ۸
Negative,سلام به همه  با طرز بیان و شیوه ارائه  موضوع به این مهمی واقعا از دست رفت انتظار خیلی بیشتری داشتم امیر جعفری همیشگی و روندی کسل کننده خیلی با ارزش تر  و بهتر می توانست باشه...  با سپاس از توجه دوستان
Positive,هر چند از لحاظ فیلمنامه شاید جذابیت قسمت اول رو نداشت ، ولی اینجا داستان شخصی تر و دراماتیک تر شده بود و از سختی های ساخت فیلم هم نمیشه گذشت . در مجموع فکر میکنم اقای مهدویان برخلاف خیلی از کارگردان های دیگه دارن گام رو به جلو برمیدارن
Positive,یه کمدی متفاوت و خوش ساخت من دوستش داشتم .
Positive,این فیلم حالمو خوب کرد همین!
Positive,من عاشق این فیلمم . 8با ردیدمش . تواین فضای لوس و پوچ سینمای ایران این فیلما شاهکاره
Positive,کم کم باید به بی پایان بودن فیلم های ایرانی عادت کنیم.   سرعت فیلم پایین بود و چندین بار وسط فیلم ساعتم رو نگاه کردم.  بازی های بهتری از بازیگرهای فیلم دیده بودیم و بازی ها هم در سطح متوسطی بود.  در کل ۲.۵ از ۵
Positive,خیلی خوب. خیلی خوب. بازی‌ها خوب. فیلمنامه خوب. احترام به شعور مخاطب عالی. هدیه تهرانی فوق‌العاده. مریلا زارعی عالی. فقط یک زن می‌توانست این‌طور جزئیات چنین قصه‌ای را دربیاورد. آفرین.
Positive,با حضور عوامل فیلم این فیلم را تماشا کردم بازی هادی حجازی فر فوق العاده بود و به نظرم زمانش رسیده حتما در نقشهای متفاوت تری دیده شود
Negative,بعد از پایان فیلم  افسوس بزرگی می خوری بابت هدر رفتن این همه تلاش عوامل فیلم در شکل گیری جلوه های بصری  و فیلمبرداری  که بعضا در نماهایی بسیار جذاب است مثل هلی شات اول فیلم  اما متاسفانه فیلم  ضربه سهمگینی از فیلمنامه ساده انگارانه، آشفته، سانتی مانتال و پرگویش میخورد تاحدی که مخاطب را کلافه و دلزده میکند.
Positive,در یک کلام عالی   بیشتر از اینکه احساس کنم یک فیلم میبینم احساس میکردم یک تئاتر دارم میبینم بازی ها، دکور و دیالوگ های بی نظیر ۹۰ دقیقه لذت بردم
Negative,حس بدیه که با فکر اینجا بدون من بری داخل سالن و با این آش بی ربط و بی مزه روبرو بشی
Positive,خوب بود   شاید خیلیا بیشتر از چهارشنبه 19 دوسش داشته باشن ولی برای من چهارشنبه فیلمی باور پذیر تر و پر کشش تر بود  اینجا تو این فیلم من باور یه سری چیزا برام سخت بود  و پیش بینی میکنم بهترین فیلم از نگاه تماشاگران بشه
Positive,تکراری،به تصویر کشیدن گوشه ای از بدبختی های مردم،درسته که واقعیت اغراق شدست ولی با سر درد و حال بد سالن رو ترک میکنیم،به اندازه کافی در واقعیت درگیر و شاهد این مشکلات هستیم... به هر حال نمیشه بازی های خوب رو نادیده گرفت،خسته نباشید
Positive,فیلم بسیار زیبا و تاثیرگذاری بود. واقع گرایانه و بدون مقصر... ظرافت های یک وضعیت پیچیده را به تصویر می کشد و زندگی را در دل مرگ بیدار می کند. لیلا حاتمی زیباست و فیلم خوش ساخت است. بسیار بسیار متشکرم.
Negative,یعنی حتی برای آموزش زبان هم این فیلم رو توصیه نمی کنم ، علاوه بر نداشتن قصه ، شخصیت پردازی وووووو حتی تلاش نکردن دیالوگ ها رو با دستور زبان انگلیسی چک کنن. اینهمه سروصدا و ریخت و پاش بعد با همچین چیزی مواجه شدن ؟؟ فکر کنم لقب ضعیف ترین فیلم تاریخ سینمای ایران براش مناسب باشه
Positive,فیلم قشنگی بود به نظرم
Positive,نقطه قوت فیلم حضور هر چند کوتاه پانته آ پناهی هاست
Negative,خوشحالم این فیلم رو توی سینما ندیدم! در واقع یک ساعت و خرده ای شوخی جنسی بود میان چند دقیقه ای فیلم!
Positive,دیدن این فیلم را به همه دوستانی که می خواهند از دیدن کی اثر لذت ببرند و در عین حال بیاموزند  توصیه می کنم...
Positive,فیلم جالبی بود..ساخت خوب همراه با ترکیب خوبش با موزیک..  با توجه به اینکه ساختار حلقه ای و لوپ بودنش کار کاملا متفاوتی بود  اما بازی ها می تونست قوی تر باشه...
Positive,خیلی خیلی خیلی خنده دار بود. جواد عزتی عالی بود یعنی هیچ کس جز جواد عزتی نمی تونست  انقدر این نقش و خوب بازی کنه دیالوگهای فیلم هم به طور عجیبی پر از تیکه های بامزه بود. خلاصه کای کیف داد. پیشنهاد میکنم ببینین.
Negative,بد و جلف. یه قصه آشفته و بی محتوی... یک لودگی به تمام معنا برای گیشه
Positive,خودم را هم که دست به سر کنم ، با این لهجه ی باران گرفته چه کنم ؟!  نمی دانم شاید هنوز با بوی پیراهن شما نسبتی دارم ...مارال بنی هاشمی  ____  فیلم در جستجوی فریده، مستندی روان، پر از احساسات و بسیار عالی بود..
Negative,فیلمی شبیه به تمام تله فیلم ها.  تنها نکاتی که از فیلم میشه نام برد  1.خودکشی یه پسر بچه از فشار جدایی پدر و مادرش  2.بازی تماشایی سحر دولتشاهی در سکانس های پایانی فیلم  در کل فیلم و فیلمنامه ضعیف
Positive,بازی لیلا حاتمی عزیز عــــالـــی بود!   فیلم یه طنز ظریفیم داشت.دوس داشتم حالشو.ولی فیلم درگیر کننده ای نبود.
Positive,با اینکه موضوع فیلم کمی تکراری بود اما در کل فیلم خوبی بود به نظرم، مریلا زارعی هم که طبق معمول عاااالی از 10 به نطرم  7 مناسبه برای این فیلم.
Negative,این فیلم یک فاجعه ی تمام عیار است برای دنیای سینمای کمدی!
Positive,فیلمی که جسارت داشته تا حدی چهره واقعی نیرو انتظامی رو نشون بده که البته کم هم بابت این موضوع مورد عنایت قرار نگرفته .با این حجم فشار و سخت گیری و فشار سانسور به عوامل فیلم بابت این شجاعت و جنگدنگی تبریک میگم
Negative,یک فیلم با بازی‌های بد و شخصیتهای درست پرداخته نشده، و روایت نه چندان جالب... اصلا دیدنش رو توصیه نمیکنم.
Positive,مستندی قوی و گیرایی بود و بیننده رو به خوبی درگیر میکرد حتی در بسیاری از سکانس ها اشک تماشاچی رو سرازیر میکرد که نشان از قدرت فیلم در واقعی نشان دادن وقایع و برقراری ارتباط با بیننده است...  ممنون از کارگردانان با استعداد این اثر.
Negative,یکی از راههای آب بستن به فیلم و رسیدن به تایم استاندارد بین مکالمه دو بازیگر ۳۰ ثانیه مکث و سکوته
Negative,مشکل اغلب این فیلم‌هایی که قصد انتقاد از مهاجرت و مصائب‌اش را دارند، در این است که بعلت کمبود منابع، امکان ادامه دادن منطقی داستان و سفر کردن به کشور مقصد را چندان نمی‌یابند. کلبموس هیچ کدام از ایده‌هایش را ادامه نمی‌دهد. سردستی و بی‌حوصله، روایت را اندکی جلو برده و ناگهان مسئله‌اش دچار چرخش می‌شود.
Negative,دو از پنج واسه انتظاری که داشتم و تعاریفی که شنیده بودم ، بازم زیاده به نظرم .   پردازش قصه و ساختار فیلمنامه ضعیف . بازیها متناسب با این ساختار ضعیف و کمتر از حد انتظار .
Positive,فیلمی بسیار زیبا و با ارزش بود از این منظر که سفری بود به درون انسان، تبریک میگم به آقای نعمت الله... آقای حیایی هم که حقا درخشیدند.
Positive,فیلم خوش ساختی بود ولی موضوعش نکراری و سبکش هم اصغر فرهادیسم بود. یعنی ترکیبی از چهارشنبه سوری و درباره الی و جدایی نادر از سیمین بود.
Neutral,سینما فرهنگ، برف روی کاج ها..     بعداز دو هفته گذشته و هنوز به تکرار از خودم میپرسم: آیا میخوام کسی بهم بگه داره بهم خیانت میشه یا ترجیح میدم خودم ضربه ی کشفش رو به خودم بزنم؟   ترجیح میدم در انکار شاد باشم یا با حقیقت روبرو شم و دنیام زیر و رو شه...!!! و هزارتا چرای دیگه...    خرداد 1392
Positive,فیلم قشنگی بود و چقدر حرص خوردم از دست کارای دختره:))
Negative,واقعا فیلم ضعیف با بازی های مصنوعی..اصلا فکر نمیکردم تو هنر و تجربه هم فیلم به این بدی هم وجود ذاشته باشه
Positive,فیلم خوبی است که بدون شعاری شدن به یکی از مشکلات ریشه‌دار فرهنگ ایرانی پرداخته است و سعی زیادی هم تا از کلیشه‌ها فاصله بگیرد. در کل نمره‌ی فیلم قابل قبول است و ارزش یک‌بار دیدن را حتما دارد.
Positive,اینکه موضوعی تکراری رو با جذابیاتی نو روایت کنی و اهسته اهسته ساغر تلخی به کام بیننده شود؛ هنر این فیلم بود .  بازی بی نظیر خانم حاتمی که به جرات می تونم بگم یکی از بهترین بازی های ایشون بود .
Negative,داستان تکراری  رونده کند  دیالوگای ضعیف  آخه چرا فکر کردن باید فیلم شه واقعا؟؟
Positive,سکانس اول فیلم  فوق العاده -سکانس داربست بی نظیر- نماهای چشم نواز - سکوت- صدای دنیای زیر آب- حضور سایه وار ویشگا آسایش- فغان ناهنجاری- نکات مثبت به شدت وزین ، دست مریزاد هومن سیدی و گروه هنرمندت
Positive,فیلم بسیار خوب و خوش ساختی  که  رابطه ی دختر پدری را در جامعه مرد سالار ایران و فضای فرهنگی غالب با نگاهی نسبتا انتقادی  به تصویر میکشد و ارزش دیدن و تامل عمیق دارد.
Negative,فیلم شادی بود که فقط لبخند میداد نه خنده ! حداقل برای من که اینطوری بود ، موضوع هم کپی برداری از یه فیلم نه چندان قدیمی هالیوودی بود البته اون کجا و این کجا !    4/5 از 10
Positive,نه خیلی قوی   نه خیلی ضعیف
Positive,یکی از بهترین فیلمهای اقتباسی سینمای ایران! و به جرأت بهترین فیلم ایرانی عاشقانه ای که من دیدم، البته باید گفت یکی از دلایل قدرت این فیلم ریشه گرفتنش از داستان داستایسفکیه،  ولی واقعا که شاهکار درآورده فیلم رو.  واقعا چقدر حیف که تو سینمای ما اینقد کار اقتباسی کمه، واقعا حیف....
Neutral,کمتر فیلمی رو تو این چند وقت دیدم که شخصیتاش خاکستری باشن.همیشه یا سیاه هستن یا سفید.یکی ظالمه یکی مظلوم ولی آدمای داستان این فیلم هر کدوم به جای خودش حق داشت
Negative,یک فیلم متوسط دیگر. از کارگردان فیلم خوب خسته نباشید انتظار بیشتری داشتم که برآورده نشد.
Positive,درمیشیان می‌خواست این حس را القا کند که در این فیلم نگاهی بی طرف دارد و تا حدودی هم موفق بود ولی اگه به لایه‌های زیرین اثر توجه شود بسیار هوشمندانه درمیشیان موضع خود را مشخص می‌کند آن‌طور که در دنیای واقعی و خارج از فیلم هم مشخص است.
Positive,با این‌که می‌شد گفت یک جورهایی فیلم در نیامده، به دل من بسیار نشست. سفری زنانه و پایین‌ها و بالایش، با بازی خوب لیلا حاتمی و موسیقی خیلی خوب پورناظری و همایون شجریان. در مجموع به نظرم حمید نعمت اله فیلمساز قابلی است.
Positive,منتظر یه فیلم خیلی فراتر از بهرام توکلی بووودم با اینکه فیلمبرداری به نظرم عالی بووود و همچنین نورپردازی اما هنوووز یه حس بلاتکلیفی دارم با فیلمنامه و متن و شخصیت ها...
Positive,دمت گرد آقا هومن مستعد  دوبار دیدمش حتی گه از شهر خدا الهام گرتفی بازم ایرانیزه اش کردی و اینو تو سینمای  ما خیلی لازمش داریم  خدا قوت
Negative,شونه به شونه مردی بدون سایه بدترین فیلمی بود که امسال دیدم  البته چند تا فیلمو ندیدم که نمیتونن بدتر از اینا باشن  چون دیگه بدتر از اینا نداریم  چرا باید تو رودرواسی و مناسبات این فیلما پذیرفته بشه ولی فیلمی مثل جاندار پذیرفته نشه تو سودای سیمرغ ؟؟
Negative,وای واقعا بد بود. اسم کارگردان به این بزرگی این همه سوپراستار چی بود واقعا
Negative,یک فیلم فارسی در دهه 90 خورشیدی
Positive,فیلم پخته و قوی از یه واقعیت تو جامعه که من شخصا ازش خبر نداشتم. بهتر از فیلم های قبلی.
Negative,گردش تکراری بی وقفه و بی پیشرفت و بسیار باطل یک ایده که نهایتش در طوفان سنقاجک استفاده شده، اما سالهاست توسط مکری رها نمی شود. این فیلم به هیچ وجه دیدنی نیست.
Negative,... فیلم خوبی بود اما تنها برای نیمه اول ماجرا. فیلم ساخته شده از کلیشه ، دیالوگ زده ، فیلم نامه نه چندان قوی. کلیشه این فیلم کارهای فرهادی بوده اما برخلاف مدل فیلمهای فرهادی ،من تقریبا (هیچ!) برداشت مشخصی از داستان نداشتم.
Negative,بسیار فیلم بد و بازی های بدتر و تدوین افتضاح
Positive,آقای حقیقی واقعا هنرمند به شما میگن از همه نظر فیلم هاتون هنری و عمیق و دارای مفهوم و حرف و حساب شده هستند.
Positive,به درک که مسافرم ، به درک که چمدان های بسته ام هی غُر می زنند ، به درک که پای ماندنم درد می کند؛ بگذار دیر شود ، دلم پیش ِ پرسه زدن به دور توست...   داستانی زیبا از ماندن هایی که قرار بر آن بوده رفتن باشند ...
Positive,حرف های زیادی درباره ی این فیلم دارم اما ... واقعا لذت بردم و افتخار کردم ... فقط همین.
Positive,به نظرم این فیلم قابلیت به صدا درآوردن حامیان محیط زیست رو داره.
Positive,فیلم سوژه بکر و جالبی داشت ولی به نظرم تا حدودی خام و ابتر مونده بود  در نهایت ازش بدم نیمد  بازی هانیه توسلی رو خیلی دوست داشتم
Positive,فقط می تونم بگم فیلم خوبی بود ولی نسبت به کار قبلی علیمردانی کوچه بی نام واقعا ضعیف تر بود.....نکات مثبت از نظر من : موضوع مهم و جدی فیلم......بازی باران کوثری.....بازی و گریم متفاوت پگاه آهنگرانی....نمره از ۱۰ : ۵
Positive,طراحی لباس و دکور خوب    تصویر برداری خوب    داستان تا حدودی قابل قبول    و یک پایان بندی افتضاح
Negative,از آقای منوچهر هادی همچین فیلمی بعید بود ... من تقریبا با تلاش و صبر تا اواسط قسمت های سریال دل رو دیدم واقعا خیلی غیر قابل تتحمل بود انشالله که در کارهای بعدی شاهد همچین کارهای ضعیفی از ایشون نباشیم
Negative,واقعا متاسفم از وقتی که برای این فیلم صرف شد. وقتی که خودم صرف تماشاش کردم؛ و وقتی که عوامل پای چنین فیلمی گذاشتن.  فضای فیلم خیلی سرد و محزون بود؛   شخصیت پردازی ها ضعیف؛  داستان و فیلمنامه ضعیفتر.  جوری که آخرش از خودتون می پرسید: خب کی چی؟  به امید اینکه چنین فیلمای بی سر وتهی ساخته نشن.
Negative,تنها چیزی که تو این فیلم خوشم اومد بازی شهاب حسینی و نگارجواهریان بود.  در کل بدجوری خورد تو ذوقم!
Positive,محشره این فیلم. کپسول درد بود!   طرح داستان خلاقانه؛  بازی نیکی کریمی انقد رساست که اصلن نیازی به دیالوگ نداره!
Negative,فیلم مخصوص آقایون بود ؟ ؟ ؟ :|   والا همش توش تیکه بود برای زنان و ضعیف نشون دادن خانوما   همشونم مصنوعی بودن :|   فقط میتونم بگم باران کوثری خوب کار کرد -_-
Positive,"نسبت به فیلم های قبلی کارگردان مثلا دربند و مالاریا , این فیلم رو بیشتر دوست داشتم چون به مشکلات و معضلات جوانان جامعه اشاره شده بود.  اما از لحاظ ساخت و بازی ها واقعا معمولی و متوسط بود و همه ی بازیگران خوب و درجه یک فیلم , در یک سطح ظاهر شده بودند."
Positive,اپیزود اندیشه و اشکانو دوس داشتم..  همینطور بازی خانوم پناهی ها
Positive,یه فیلم خوب ...   که میشه وقت گذاشت و بی هیچ پشیمانی دید و با رضایت از سینما خارج شد     تبریک به آقای سیدی عزیز
Negative,فقط بازی بهبودی خوب بود.   کش دار کردن الکی داستان و دخیل کردن هزارتا موضوع روشنفکری نیست... فرقی با فیلم هندی هایی که وسط فیلم برادر از آب در می آن و از اون طرف پدرشون گم شده و... ندارد!!!
Positive,وای از پانته آ بهرام... عجب بازی ای ارائه می ده.   البته مهناز افشار هم خوب شاهر شده به نسبت همه کارهای قبلیش.   فیلمنامه اقتباسی خوب.کارگردانی و پلان های جذاب.   مرسی.دوست داشتم.
Negative,به معنای واقعی ضعیف بود...
Negative,چرا اکثر فیلمنامه های فیلمها تازگی به نظرم قدیمی میان...یعنی فکر می کنی دهه هفتاد هستی داری فیلمو می بینی؟ این تمایز اصغر فرهادی رو نشون میده که چقدر فیلمنامه هاش مدرن هست..  خانم آقای افخمی خیلی لوس و بد بازی کرد  رامبد یه خورده فیلمها رو با وسواس انتخاب کن Please
Positive,در یک جمله فیلم افتضاحی که به زیبایی وحشی گری های انسانی را نمایش می داد.
Positive,به نظرم فیلم قشنگ و متفاوتی بود. بازیها عالی بودن. کاملا هم موضوع و انتهای فیلم قابل فهم بود فقط باید با دقت دیده بشه.جالب بود. اخرش از خودم پرسیدم چرا اخه؟!
Positive,بی نظیر بود بی نظیر  فقط همین
Positive,"تو جشنواره دیده بودم و واقعا شگفت زده شدم و حیرت کردم از دیدن این فیلم قوی و حرفه ای از خانم آبیار , اما حالا تو اکران عمومی وقتی دوباره دیدم , احساس کردم که ضرباهنگ کند فیلم واقعا آزاردهنده ست و موسیقی فیلم واقعا جای کار بیشتری داره ."
Positive,فیلمانامه به شدت خوبی داشت. بازی آقای نادر فلاح بسیار تحسین برانگیز بود. احتمال کاندید شدن آقای فلاح زیاد است.
Negative,از فضای فیلم خوشم نیومد.خیلی فضای روشنفکرانه ای داشت.
Negative,بیتهایت مزخرف بی سرو ته، خیلیا وسط فیلم رفتن، توصبه نمیکنم
Positive,بابک حمیدیان و تمام ❤️
Positive,یک مستند عالی  پیشنهاد میکنم
Negative,و این اولین باری بود که وسط فیلم مجبور به ترک سالن شدم..
Positive,به باور من این فیلم نامزد در چند بخش میشه اولین فیلم درست حسابی بود که تو جشنواره دیدم با بازی خیلی خوب حامد بهداد مخصوصا که خیلی وقت بود کاراشو دنبال نمیکردم چون خیلی کلیشه شده بود برام ولی اقای میرکریمی کاملا برخلاف کار قبلی فیلم قابل قبول خوبی ساختند
Positive,فیلم بدی نبود. یکم داستان منسجم نبود . میتونست بهتر ازین باشه.
Positive,ارزش چند بار دیدن رو هم داره این فیلم   آقای مکری هنرمند نابغه ای هستن .
Positive,کار رو دوست داشتم با وجود اینکه شاید کمی هم شبیه به مستند بزم رزم بود. ولی باز هم برایم لذتبخش بود.  پیشنهاد میکنم حتما ببینید و از دستش ندهید.
Positive,واقعیت تلخ ،طنز هم داشت   من دوسش داشتم و از تماشای این فیلم لذت بردم  مهم اینه که تهش مشخص بود و مشخص شد نیاز نبود بری توی کما برای یافتن نتیجه  و بازی پسر بچه و نگاه های عاشقانه ش معرکه بود  چون بر مبنای عشق و علاقه بود دوسش داشتم و روند فیلم آروم بود
Negative,این چی بود آخه ؟ نه فیلمنامه ی درست درمونی داشت نه بازی های دلچسبی که انتظار میرفت ... مصطفی کیایی با این فیلم واقعا من یکی رو ناامید کرد ... حتی اون جذابیت های خاصی که مخصوص به آثار خودش بود هم تو این فیلم دیده نمی شد.
Negative,فیلمی کثیف، در ستایش از «سرمایه»‌ای که از هیچ فریبی برای تثبیت و استقرار خودش فروگذار نیست و در نهایت بر سر کشور و مردمش منت میگذارد که  فرار نکردم و در این مملکت کارآفرینی! کردم.. فیلمی با سرمایه‌گذاری بانک شهر.. ایدئولوژی را فقط در #گاندو نبینید
Positive,ی فیلم خوب و کار درست   تو بازار کمدیهای تکراری ی کمدی جدید واقعا جای قدر دانی داره .
Neutral,درکل موضوع فیلم این بود: هرکه بامش بیش، برفش بیشتر!  خانمها فقط بهانه ای بودند برای به نمایش گذاشتن این موضوع. حالا ممکنه چند وقت دیگه از آقایون برای نشون دادن این موضوع استفاده بشه.
Positive,بهترین فیلم جشنواره تا اینجای کار به نظر من..فیلمنامه ی خوب..صحنه پردازی خوب.گریم عالی..بهترین بازی ای که از خانم شاکردوست خواهید دید..بازی کمی تکراری اما متفاوت از اقای محمد زاده..و به نظر من بهترین کار اقای جیرانی. بسیار لذت بردم.
Positive,این فیلم بی نظیره! عالی!  حتی اگه چهار- پنج بار دیده باشی ، باز هم تازگی و جذابیت ش رو داره و نمیشه سرسری تماشا کرد
Negative,خیلی بد   اصلا نمیدونم از کدوم قسمت بدش بگم .  فارابی + کارگردان ناشناس = فاجعه    قشنگ احساس میکردی چقدر پول برای ساخته شدن فیلم دور ریخته شده و چقدر افسوس!!!! افسوس و افسوس!!!      افتضااااح!!!!   امتیاز: 0 از 5
Positive,از تک تک پلان های این فیلم نهایت لذت رو بردم عالی عالی سینما یعنی مکری
Positive,عالی بود....عالی......مخصوصا شهاب حسینی....صحنه ی پشت پنجره....کلی گریه کردم با این فیلم..
Positive,فیلم از نظر محتوا عالی بود. این فیلم کنایه ای است به افسردگی حاکم بر جامعه که ناشی از سیاست های غلط و تعمدی بوده و زمینه ساز بسیاری از مشکلات و معضلات اجتماعی است.
Negative,از علی مصفا توقع چنین فیلمی رو نداشتم
Positive,هیچ فیلمی بی نقص نیست، ولی احساسی که یک فیلم منتقل میکنه میتونه تا حد زیادی نقص ها رو بپوشونه.  موضوع آنچنان خاص نبود، ولی فیلم خیلی خوش ساخت و بازی ها هم خیلی خوب بود. و در کل فیلم خوبی بود.
Negative,فیلم ، فیلمنامه ندارد و از به هم چسبیدن چند کلیپ تشکیل شده است که می تواند سرگرم کننده باشد ولی مسئله ای که مرا متعجب می کند آن است که چرا فیلمی که ژانر کمدی دارد در آخر این قدر تغییر جهت می دهد
Positive,چقدر چسبید !   این فیلم سانسور شده خیلی به من چسبید. بازی ها، فیلمنامه، موسیقی، فیلمبرداری و ... . چسبید !   *توصیه: بعد از اینکه فیلم رو تماشا کردید، تکه های گمشده ی سانسور رو از اطرافیان بگیرید تا فیلمنامه کامل براتون بشینه
Neutral,بهداد فعلا بازیگر نیست بلکه خودش است.
Negative,"فیلم ضعیفی بود و اصلا داستان نداشت. از فیلم های سیاوش اسعدی فقط جیب برخیابان جنوبی رو دوست داشتم و با دیدن این فیلم واقعا ناامید شدم.  تنها نقطه ی قوت فیلم , بازی ژاله صامتی هنرمند بود."
Positive,فیلم بسیار ژرف و زیبا، این گونه فیلم ها نشان می دهند که سینمای نجیب خیلی بهتر از سینمای سخیف عشق را نمایش می دهد.
Negative,تقریبا همه داستان فیلم قبلا اتفاق افتاده اما کم کم به مخاطب گفته می شود.غیر از دو اتفاق آخر فیلم که یکی اش همین جوری پرت می شود وسط و فیلم تمام می شود. موضوع کلی تکراری، جزییات بعضا جدید، بازی ها جز شهاب حسینی افتضاح و در نهایت فیلمی که با اکراه می توان متوسط اش نامید.
Positive,فیلمی که واقعا ارزش دیدن داره،  در هر سه اپیزود سایه ی نرم عشق رو میشه دید.  ضمن اینکه روایت زلالی داره و دور از تکلف هست.   من فیلم رو در فرهنگسرای نیاوران دیدم، جلسه ی نقد فیلم با حضور خانم ها پاکروان و لاریجانی.
Positive,لذت بردم ...شهاب حسینی واقعا عالی بود
Positive,با سلام و احترام   یک فیلم عالی به لحاظ دقت در ساخت و بازیهای عالی و درخشان   دیدن فیلم رو حتما توصیه میکنم
Positive,قسمت اولش خیلی خوب بود. بازی های خوب و داستان خوب. شروعش نوید سریال جالبی رو می ده.
Positive,ب نظر من هنر شهاب حسینی تو این فیلم ها ک هدفی نداره جز گرفتن وقت بیننده ، داره حیف میشه...  هنوزم نفهمیدم هدف کارگردان از اینکه صدای شهاب حسینی صداش گرفته بود چیه!؟   ولی بازی دیبای عزیز عالی بود:))  همینطور شهاب حسینی:)))))
Positive,فرزاد موتمن گل کاشت. بهتاش هم که نگو.
Negative,یک داستان 15 دقیقه ای را که کش اش بدهی می شود عمده فیلم های ایرانی. این فیلم هم با وجود شروع طوفانی اش در همان حد یک ربع است.
Positive,به نظر می رسه هنر وتجربه با نمایش تمارض. خانه وبالاخره هجوم(شهرام مکری)قراره نفس دوباره ای بکشه.
Neutral,رئیس کارگاه : خُب جوونه عاشِق شدن ؛ گناه که نکردن!  پدر دختر : عاشُق شُده؟! عاشُق چیه دختر ما شُده! عاشُق بیچارِگیش شُده ! عاشُق پریشانِیش شُده!؟  عاشُق چیه دختر ما شُده! ...؛   چند متر مکعب عشق!
Negative,بد و ضعیف و نخ نما
Negative,باز هم خیانت، باز هم انفعال کاراکتر، باز هم اتفاق پیدا شدن گوشی، باز هم نویسنده ای که با این ترفندها می خواهد فیلم را به پیش ببرد و تمام کند.به راستی اگر این انفعال و تصادف نبود فیلم را چه می شد.بودن یا نبودن؟
Negative,خروج   فیلمی با محوریت دروغ.  فیلمی که فیلم نبود و این از حاتمی کیایی که پشتش سپاهه بعید نبود.  جلوه های ویژه بسیار بد  صدا برداری افتضاح  واقعا ناراحتم که وقتم رو برای کاری به این شدت بی ارزش گذاشتم.  متاسفم برای سینمای کشورم   امتیاز 1 از 10    # طاها #
Positive,در کل فیلمسازی بهرام توکلی رو دوست دارم واین فیلم که حتی میگم از فیلمهای قبلیش بهتر بود
Negative,ضعیف و شعاری. فضای سورئال با شخصیت های رئال؟ فضای سورئال و روایت؟ بسیار کند و جان فرسا. ضمن آن که بوی سفارشی بودن هم می داد!
Negative,نمی دانم چرا تهمت بی غیرتی به مرد این فیلم می زنند.  به نظرم  فروشنده اگر چه فیلم متوسط ور به پایینی است و باید اصغذ فرهادی را به خاطر کیفیت فرمی کارش، بارها و بارها نقد کرد؛  اما از لحاظ محتوایی:   تجاوز را با مودبانه و نجیبانه ترین زبان به نقد کشیده است...
Neutral,بازی خانم توسلی بی نظیر بود ...
Positive,دیشب برای بار دوم این فیلمو دیدم دفعه اول بیشتر تمرکز برروی تصویر برداری و لوکیشن بود و کیفشو بردم اما دفعه دوم بیشتر به موسیقی دقت کردم عنصره کمتر توجه شده در فیلم های ما .موسیقی چه میتواند بکند با روح و روان ما
Positive,فیلم با همه ایرادایی که داره فیلم خوبیه  نمیدونم تو بخش هنر و تجربه هم بوده یا نه ولی برا من شبیه فیلمهای خوب هنر وتجربه یکی دوسال اخیر بود
Positive,فیلمی در مجوع قابل قبول که نقطه ضعف عمده ش پایان بندی فوق العاده شعاری و کلیشه ای بود.  بازی های فیلم خوب بود به خصوص مصطفی زمانی که تلاشش برای پیشرفت قابل تقدیره  موسیقی متن هم بسیار زیبا بود.  امتیاز 6.5 از 10
Positive,بعد از چندوقت،دوباره، دارم کلاس هنرپیشگی رو میبینم. هنوز منو با همون دو سه تا سکانس اول میگیره. میبره  نمیدونم واسه ظرفه یا مظروف؟ محتواست یا فرم؟  کلاس هنرپیشگی سهل و ممتنع سینمای ایرانه.  تو این روزهایی که بزرگان سینمامون حال خوب نوشتن رو ندارن، این فیلم داودنژاد ، واقعا شاهکاریه
Negative,ایده تکراری، فیلمنامه که هیچی. بازی های فاجعه. فیلم بدی بود
Positive,فیلم از نظر فیلم برداری نورپردازی گریم و سو‌ژه ی متفاوت و جوان پسندی که داشت واقعا بی نظیر بود هم چنین کارگردانی هومن سیدی نسبت به کارهای قبلی ش خیلی خیلی بهتر بود....و اتفاقا به نظر من فیلم آموزنده هم بود
Positive,ای کاش ده ثانیه‌ی آخر این فیلم نبود... ای کاش
Negative,چه از لحاظ فیلمنامه و چه از لحاظ کارگردانی یک تله فیلم کاملا معمولی.  آقای بهزادی به خودشون اجازه دادن یک داستان دو سه خطی رو تبدیل به فیلمنامه کنند و 80 درصد نماهای فیلم رو هم که کلوزآپ گرفتند و کوچکترین جنبه سینمایی در فیلم مشاهده نمی شه .  هیچی دیگه   همین
Negative,یه فیلم گیشه ای مثل خوب بد جلف که واقا مزخرف هم هست .  کمدی فیلم در نیومده و فیلم بیشتر لوده هست مثل 50 کیلو البالو ولی یکم بهتر
Negative,دوست نداشتم خیلی ضعیف بود  مخصوصا 2 تا بازیگر دختر و پسر  یه چیزی هم که خیلی جالبه توی بیشتر فیلما زن افسرده شکست خورده فیلم  دختر شاد دانشکده بوده
Positive,در نگاه اول به نظر می رسد اعترافات ذهن خطرناک من یک فیلم خوش ساخت و خوب است با کارگردانی و تدوین عالی.   هر کس فیلم ممنتو کریستوفر نولان را قبل از دیدن این فیلم، دیده باشد؛ جور دیگری قضاوت خواهد کرد.   فکر می کنم جملات بالا برای نقد این فیلم کافی باشد.
Negative,افتضاح :)   به خصوص بازی پگاه آهنگرانی!
Positive,با حالی بد به بهانه بهتر شدن به تماشای این فیلم نشستم، فیلم عملا هیچ چیز خاصی نداشت به جز صحنه هایی که بسیار سعی میکرد خنده بگیرد و البته موفق هم بود. پایان فیلم هم خوب بود حداقل ماورای توقع از یک فیلم که بهانه آن فقط خنداندن مخاطب است.
Positive,با سلام و احترام  فیلمی که ارزش گرفتن 90 سیمرغ را داشت
Positive,واقعا دوست داشتم آقای  مهدی فخیم زاده خیلی خوب بازی کردن ، موضوع تکراری بود ولی خیلی خوش ساخت و طناز :)
Negative,فیلم نامه خوبی نداشت   حضور هوتن شکیبا کوتاه و جالب بود اما به نظر من بیشتر برای جذب مخاطب و فروش فیلم حضور داشتن  حتی حسام محمودی نقش طلبه رو  تو فیلم دیگه بهتر بازی کرده بودن
Negative,برف رو دوست نداشتم  فیلم همه ش دور خودش می چرخید و حرفایی که زده بود رو تکرار می کرد  داستان اصلاً جلو نمی رفت  هر بدبختی هم می شد سر این خونواده اومده بود  انگار نویسنده و کارگردان حواس شون نبوده کل ماجرا از یه صبح تا شبه.  خیلی جاها هم فیلم خیلی خسته کننده می شد.   manimoon..
Positive,خیلی دوست داشتم این فیلم رو، به شدت منو یاد نمایش آقای می سی سی پی نشسته می میرد از همین کارگران انداخت. بازی ها بی نظیر بود جناب نصیریان و صابر ابر عالی بودند. جلوه های ویژه جلوتر از فیلم های ایرانی حال حاظر بود. قاب های بی نظیر. بسیار فیلم فوق العاده ای بود.
Neutral,چقدر اندوه قورت نداده ، چقدر آوار فرو نریخته ... ما این شهر را با تمام سیاهی و اندوهش به ارث برده ایم...مارال بنی هاشمی  با دیدن این فیلم دوباره خاطرات به کوچه ما سر زد...
Negative,اصلا خوب نبود.. یکی از دوستان میگفت دکتر حلت بعد از دیدن این فیلم یه نقد هیجانی گذاشتن، برام عجیب بود از شخصیت این روانشناس این کار، ولی الان واقعا درکشون میکنم.. از یک جایی از فیلم مدام با خودت میگی چرا تموم نمیشه...
Positive,بیگانه رو دیدم  و تقریباٌ دوست داشتم  فیلم فضای سنگینی داره  و یه کم سخت می شه باهاش ارتباط برقرار کرد  بیگانه مشخصه های فیلمای قبلی توکلی رو داره  از لحاظ فضاسازی و لحن فیلم  بازی ها خیلی خوب بود  و نیاز به دوباره دیدن برای حرف زدن بیشتر داره.   manimoon..
Negative,فاجعه، شعاری، سفارشی و فاقد هر گونه ارزش هنری.
Positive,تمام مدت فیلم گریه کردم تو راهم گریه کردم اونجاش که طوبا گفت از تنها شدن می ترسم حرف دل همه ی زنا بود. کلا فیلم شجاعت زن رو نشون می داد.تنهاییمون رو دیدم زن ها باید دست همدیگه رو بگیرن.
Negative,واقعا فیلم ضعیفی بود  از شهاب حسینی و همایون ارشادی بعید بود با بازی چنین فیلم هایی و همبازی شدن با بازیگرانی بی تجربه کارنامه خودشونو خدشه دار کنند..
Positive,یه فیلم خوب، تمیز و شریف  نگاه جدیدی که کارگردان به مرگ تختی کرده بود ورای خودکشی در اثر فشارهای زندگی و زن و ... و یا قتل به دست حکومت بود.   تختی به جایی رسید که دیگه این دنیا با همه زرق و برقش رو دوست نداشت‌. تختی این دنیایی نبود.
Positive,فضای فیلم دوست داشتنی بود
Positive,چه زیبا بی اندازه ها را به اندازه آورده بود!  کاش نه تنها اندازه آنها که اندازه خودمان را نیز بدانیم.
Positive,یک فیلم عالی با  ریتمی کند  بازیهایی متوسط رو به پایین   انتخاب هنرپیشه هایی که شاید مناسب نبودند   البته فیلم در اخر شما رو به چالشی میکشونه که ...................
Negative,جلف، هجو، سخیف  به معنای واقعی این فیلم فاجعه بود. یعنی یه سور به فیلم لس انجلس تهران زده بود. خیلی بد بود
Negative,یه فیلم تجاری دیگه که از گشت ارشاد هم ضعیفتره و فیلم خوب بد جلف با همه شوخی های بی مزه اش یه سر و گردن از این فیلم بالاتره . چرا در ایران توانایی ساخت کمدی خوب وجود ندارد؟ فیلم های کمدی خوب ایرانی واقعا انگشت شمارن ...
